child,counter,waiting,pulling,gate,parked,meter,game,many,pedestrians,window,tiled,furniture,statue,boy,standing,crowd,concrete,crowded,sport,black,parking,plane,day,yellow,group,airport,helmet,grassy,view,light,side,food,doing,plate,laptop,talking,mountain,road,snow,public,computer,wii,store,hill,sitting,station,driving,police,traffic,truck,flying,kitchen,carrying,suitcase,large,lot,bat,train,video,clock,restaurant,hydrant,tarmac,remote,pole,wearing,basketball,watching,house,old,ramp,player,person,platform,umbrella,small,rain,luggage,school,swinging,stopped,pizza,empty,walkway,man,television,trick,colonnade,athletic game,outdoor,drawn,way,glass,soccer,shop,walking,bus,sky,past,runway,stop,town,ceiling,living,pink,officer,middle,water,cross,intersection,hall,square,bicycling,corner,holding,building,indoor,bus stop,scene,little,mirror,park,transport,night,elephant,jumping,tall,baseball,riding,curb,several,door,area,cement,playing,subway,blue,frisbee,filled,van,commercial,air,eating,sink,airplane,girl,covered,traveling,slope,screen,country,city,plant,young,signal,narrow,hat,board,looking,red,dog,sidewalk,carriage,car,motorcycle,brick,phone,skiing,tile,crossing,post,bench,sign,display,bag,green,crosswalk,skating,bicycle,white,highway,horse,ball,gallery,ground,front,fire,grass,table,case,throwing,floor,busy,top,field,skateboard,zebra,suit,room,office,arch,woman,tower,court,tree,people,street
0,0,0,0,0,0.3,0,0,0,0,0,0,0,0,0,0.3,0,0,0,0,0,0,0,0,0,0.3,0,0,0,0,0,0,0,0.3,0,0,0,0,0.9912289798259735,0.3,0,0,0,0,0,0,0,0,0.3,0.3,0,0,0,0,0,0,0,0,0,0,0,0,0,0,0,0,0,0,0,0,0,0,0,0.9407689213752746,0,0,0,0,0.3,0,0,0,0,0,0,0.3,0,0.3,0,0,0.9833333551883696,0,0,0,0,0,0.3,0.3,0,0,0,0,0,0,0,0,0,0,0,0.3,0.3,0,0,0,0,0.3,0.3,0,0,0,0,0,0,0,0,0,0,0,0,0.3,0,0,0,0,0,0.3,0,0,0,0,0,0,0,0,0,0,0,0,0,0,0,0,0.71873939037323,0,0.3,0,0,0,0.3,0,0,0,0.3,0,0.3,0.3,0,0,0,0,0.3,0,0,0.3,0,0,0,0,0,0,0.3,0,0,0.3,0,0,0,0,0,0,0,0,0,0.3,0,0,0,0,0,0,0,0,0.3,0,0,0,0.3,0.9343636095523833
0,0,0,0,0,0,0,0.3,0,0,0,0,0,0,0,0.3,0.3,0,0,0,0,0,0,0,0,0.3,0,0,0,0,0,0,0,0,0,0,0,0,0.3,0,0,0,0,0,0,0,0,0,0,0.3,0,0,0,0,0.3,0.3,0,0,0.3,0,0.3,0,0,0,0,0,0,0,0,0,0,0,0,0.8962133705615998,0,0,0,0,0.3,0,0,0,0,0,0,0.3,0,0,0,0,0.9618014872074128,0,0,0,0,0,0.9123824238777161,0.3,0,0,0,0,0,0,0,0,0,0,0,0.3,0,0,0,0,0,0.3,0.3,0,0,0,0,0,0,0,0,0,0,0.3,0,0.3,0,0,0,0,0,0.3,0,0,0,0,0,0,0,0,0,0,0,0,0,0,0,0,0.7438541591167449,0,0.3,0,0,0,0,0,0,0,0.8393189609050751,0,0,0,0,0,0,0,0.3,0,0,0,0,0,0,0,0,0,0,0,0,0,0,0,0,0,0,0,0,0,0,0.5144810229539871,0,0,0,0,0,0,0,0,0.3,0,0,0,0.7920751810073852,0.8975168466567993
0,0,0,0,0,0.3,0,0,0,0,0,0,0,0,0,0.3,0,0,0,0,0,0,0,0,0,0.3,0,0,0,0,0,0,0,0,0,0,0,0,0.9934685587882994,0,0,0,0,0.3,0,0,0,0.3,0,0.3,0,0,0,0,0,0,0,0,0,0,0,0,0,0,0,0,0,0,0,0,0,0,0,0,0,0,0,0,0,0,0,0,0,0,0,0.3,0,0,0,0,0.9941753923892975,0,0,0,0,0,0.3,0.3,0,0,0,0,0,0,0,0,0,0,0,0,0,0,0,0,0,0,0.3,0,0,0,0,0,0,0,0,0,0,0,0,0.3,0,0,0,0,0,0,0,0,0,0,0,0,0,0,0,0,0,0,0,0,0,0,0.7955841898918151,0,0,0,0,0,0,0,0.3,0,0.3,0,0,0,0,0,0,0,0,0,0,0.3,0,0,0,0,0,0.3,0,0,0,0,0,0,0,0,0,0,0,0,0,0.3,0,0,0,0,0,0,0,0,0.3,0,0,0,0.3,0.9626908600330353
0,0,0,0,0,0.3,0,0,0,0,0,0,0,0,0.3,0.3,0,0,0,0,0,0,0,0,0,0.3,0,0,0,0,0,0,0,0.3,0,0,0,0,0.3,0,0,0,0,0,0,0,0,0,0,0.3,0,0,0,0,0,0,0,0,0,0,0,0,0.3,0,0,0,0,0,0,0,0,0,0,0.912692803144455,0,0,0,0,0,0,0,0,0,0,0,0.3,0,0.3,0,0,0.9938222885131835,0,0,0,0,0,0.3,0.3,0,0,0,0,0,0,0,0,0,0,0,0,0.3,0,0,0,0,0,0.3,0,0,0,0,0,0,0,0,0,0.3,0,0,0.3,0,0,0,0,0,0,0,0,0,0,0,0,0.3,0,0,0,0,0,0,0,0,0,0.7798004090785979,0,0.3,0,0,0,0.3,0,0,0,0.7744557857513428,0,0,0,0,0,0,0,0,0,0,0.3,0,0,0.3,0,0,0,0,0,0,0,0,0,0,0.3,0,0,0,0,0,0.3,0,0,0,0,0,0,0,0,0.3,0,0,0,0.3,0.899373573064804
0.3,0,0,0,0,0,0,0,0,0,0,0,0,0,0.3,0.3,0,0,0,0,0,0,0,0,0,0.3,0,0,0,0,0,0,0,0,0,0,0,0,0.3,0,0,0,0,0,0,0,0,0,0,0,0,0,0,0,0.3,0,0,0,0,0,0.3,0,0,0,0,0,0,0,0,0,0,0,0,0,0,0,0,0,0.3,0,0,0,0,0,0,0.3,0,0,0,0,0.9886159360408782,0,0,0,0,0,0.3,0,0,0,0,0,0,0,0,0,0,0,0,0,0,0,0,0,0,0.3,0.9994124531745909,0,0,0,0,0,0,0,0,0,0,0.3,0,0.3,0,0,0,0,0,0,0,0,0,0,0,0,0,0,0,0,0.3,0,0,0,0,0,0.744145929813385,0,0.3,0,0,0,0,0,0,0,0.9206896483898162,0,0,0,0,0,0,0,0,0,0,0.3,0,0,0,0,0,0,0,0,0,0,0,0,0,0,0,0,0,0,0,0,0,0,0,0,0,0,0,0,0.3,0,0,0,0.3,0.8818652868270873
0,0,0,0,0,0.3,0,0,0,0,0,0,0,0,0,0.3,0,0,0,0,0,0,0,0,0,0.3,0,0,0,0,0,0,0,0,0,0,0,0,0.3,0.3,0,0,0,0,0,0,0,0,0,0,0,0,0,0,0,0.3,0,0,0,0,0.3,0,0,0,0,0,0,0,0,0,0,0,0,0,0,0,0,0,0,0,0,0,0,0,0,0.3,0,0,0,0,0.9902075529098511,0,0.32683664858341216,0,0,0,0.3,0,0,0,0,0,0,0,0,0,0,0,0,0.3,0,0,0,0,0,0.3,0.3,0,0,0,0,0,0.3,0,0,0,0,0.3,0,0.3,0,0,0,0,0,0,0,0,0,0,0,0,0,0,0,0,0,0.3,0,0,0,0,0.3,0,0,0,0,0,0,0,0,0,0.3,0,0,0,0,0,0.3,0,0,0,0,0,0,0,0,0,0,0,0,0,0,0,0,0,0,0.3,0,0,0,0,0,0,0,0,0,0,0,0,0,0,0,0,0,0.6884136199951172,0.3,0.8454411387443541
0,0,0,0,0,0,0,0.3,0,0,0,0,0,0,0,0.3,0,0,0,0,0,0,0,0,0,0,0,0,0,0,0,0,0,0.3,0,0,0,0,0,0,0,0,0,0,0,0,0,0,0,0,0,0,0,0,0.3,0.3,0,0,0,0,0,0,0,0,0,0,0,0,0,0,0,0,0,0.9248298883438111,0,0,0,0,0.3,0,0,0,0,0,0,0.3,0,0.3,0,0,0.9621157050132751,0,0,0,0,0,0.9266872406005859,0,0,0,0,0,0,0,0,0,0,0,0,0,0,0,0,0,0,0.3,0.9972911596298217,0,0,0,0,0,0,0,0,0,0,0.3,0,0.3,0,0,0,0,0,0,0,0,0,0,0,0,0,0,0,0,0,0,0,0,0,0,0.3,0,0.3,0,0,0,0.3,0,0,0,0.7990956187248229,0,0,0,0,0,0,0,0,0,0,0,0,0,0,0,0,0,0.3,0,0,0,0,0.6770286381244659,0.3,0.3,0,0,0,0,0,0,0,0,0,0,0.3,0,0,0,0.3,0,0,0,0.3,0.3
0,0,0,0,0,0,0,0,0,0,0,0,0,0,0,0.3,0,0,0,0,0,0,0,0,0,0,0,0,0,0,0,0,0,0,0,0,0,0,0.3,0.3,0,0,0,0,0,0,0,0,0,0,0,0,0,0,0,0,0,0,0,0,0,0,0.3,0,0,0,0,0,0,0,0,0,0,0,0,0,0,0,0,0,0,0,0,0,0,0.3,0,0,0,0,0.9982908487319946,0,0.4730404913425445,0,0,0,0.3,0,0,0,0,0,0,0,0,0,0,0,0,0,0,0,0,0,0,0,0.3,0,0,0,0,0,0,0,0,0,0,0,0,0.3,0,0,0,0,0,0,0,0,0,0,0,0,0,0,0,0,0,0,0,0,0,0,0.7440112471580504,0,0.3,0,0,0,0,0,0,0,0.6277871251106262,0,0,0,0,0,0,0,0,0,0,0,0,0,0,0,0,0,0.3,0,0,0,0,0,0,0.3,0,0,0,0,0,0,0,0,0,0,0,0,0,0,0.3,0,0,0,0.3,0.9024196207523345
0,0,0,0,0,0.3,0,0,0,0,0,0,0,0,0,0.3,0,0,0,0,0,0,0,0,0,0,0,0,0,0,0,0,0,0,0,0,0,0,0.3,0,0,0,0,0,0,0,0,0,0,0,0,0,0,0,0,0,0,0,0,0,0,0,0.3,0,0,0,0,0,0,0,0,0,0,0,0,0,0,0,0,0,0,0,0,0,0,0.3,0,0,0,0,0.966237837076187,0,0.3122383922338485,0,0,0,0.3,0,0,0,0,0,0,0,0,0,0,0,0,0,0,0,0,0,0,0,0.9967818856239319,0,0,0,0,0,0,0,0,0,0,0,0,0.3,0,0,0,0,0,0,0,0,0,0,0,0,0,0,0,0,0,0,0,0,0,0,0.6596343994140625,0,0.3,0,0,0,0,0,0,0,0.7962968230247497,0,0,0,0,0.3,0,0,0,0,0,0.3,0,0,0,0,0,0,0,0,0,0,0,0,0,0.3,0,0,0,0,0,0,0,0,0,0,0,0,0,0,0.3,0,0,0,0.3,0.9246165990829467
0,0,0.3,0,0,0,0,0.3,0,0,0,0,0,0,0,0.3,0,0,0,0,0,0,0,0,0,0.3,0.3,0,0,0,0,0,0,0,0,0,0,0,0,0,0,0,0,0.3,0,0,0.3,0,0,0,0,0,0,0,0.3,0.3,0,0,0,0.3,0,0,0,0,0,0,0,0,0,0,0,0,0,0,0,0,0,0,0.3,0,0,0,0,0,0,0.3,0,0,0,0,0,0,0,0,0,0,0,0,0,0,0,0,0,0.9379300713539123,0,0,0,0,0,0,0,0,0,0,0,0,0.3,0.9812897503376006,0,0,0,0,0,0,0,0,0,0,0,0,0,0,0,0,0,0.3,0,0,0,0,0,0,0,0,0,0,0,0,0,0,0,0,0,0,0.3,0,0,0,0,0,0,0,0,0,0,0,0,0,0,0,0,0,0,0,0.3,0,0,0,0,0,0,0,0,0,0,0,0.3,0,0,0,0,0,0.6814015686511993,0,0,0,0,0,0.3,0.3,0,0,0.3,0,0,0,0.3,0
0.3,0,0.3,0,0,0,0,0,0,0,0,0,0,0,0.3,0.9222901523113249,0,0,0,0,0,0,0,0,0.3,0.3,0.8792836189270019,0,0,0,0,0,0,0.3,0,0,0,0,0,0,0,0,0,0,0,0,0.3,0,0,0,0,0,0,0,0.3,0.3,0,0,0.3,0.3,0,0,0,0,0,0,0,0,0,0,0,0,0,0.9499433636665344,0.3,0,0,0,0.3,0,0,0,0,0,0,0.3,0,0,0,0,0,0,0,0,0,0,0.3,0,0,0,0,0,0,0,0.3,0,0,0,0,0,0,0,0,0,0,0.3,0.3,0.9469465911388397,0,0,0,0,0,0,0,0,0,0,0,0.3,0,0,0,0,0,0.3,0,0,0,0,0,0,0,0,0,0,0,0,0,0,0,0,0,0,0.3,0,0,0,0.3,0,0,0,0,0,0,0,0,0.3,0,0,0,0,0,0,0.3,0,0,0,0,0,0,0,0,0,0,0,0.3,0,0,0,0,0,0.9791470527648924,0,0,0,0,0,0,0.3,0,0,0.3,0,0,0,0.713162076473236,0
0,0,0.3,0,0,0,0,0,0,0,0,0,0,0,0.3,0.9571144640445708,0,0,0,0,0,0,0.3,0,0.3,0.3,0.3,0,0,0,0,0,0,0,0,0,0,0,0,0,0,0,0,0,0,0,0,0,0,0,0,0,0,0,0.3,0.3,0,0,0,0,0,0,0,0,0,0,0,0,0,0,0,0,0,0,0,0,0.3,0,0.3,0,0,0,0,0,0,0.3,0,0,0,0,0,0,0,0,0,0,0.3,0,0,0,0,0,0,0,0,0,0,0,0,0,0,0,0,0,0,0.3,0.3,0.9096591889858245,0,0,0,0,0,0,0,0,0,0,0,0,0,0,0,0,0,0.3,0,0,0,0,0,0,0,0,0,0.3,0,0,0,0,0,0,0,0,0.3,0,0,0,0.3,0,0,0,0,0,0,0,0,0,0,0,0,0,0,0,0.3,0.3,0,0,0,0,0,0,0,0,0,0,0,0,0,0,0,0,0.676394361257553,0,0,0,0,0,0,0.3,0,0,0.3,0,0,0,0.7224841356277465,0
0,0,0.3,0,0,0,0,0,0,0,0,0,0,0,0,0.3,0,0,0,0,0,0,0,0,0,0.3,0,0,0,0,0,0,0,0,0,0,0,0,0.3,0,0,0,0,0,0,0,0,0,0,0,0,0,0,0,0.3,0,0,0,0.3,0,0,0,0,0,0,0,0.3,0,0,0,0,0,0,0,0,0,0,0,0.3,0,0,0,0,0,0,0.3,0,0,0,0,0,0,0,0,0,0,0.3,0,0,0,0,0,0,0,0,0,0,0,0,0,0,0,0,0,0,0.3,0.3,0.3,0,0,0,0,0,0,0,0,0,0,0,0,0,0,0.3,0,0,0.3,0,0,0,0,0,0,0,0,0,0,0,0,0,0,0,0,0,0,0.3,0,0,0,0,0,0,0,0,0,0,0,0,0,0,0,0,0,0,0,0,0,0,0,0,0,0,0,0,0,0,0,0,0,0,0,0,0,0.6464271783828734,0,0,0,0,0,0.3,0.3,0,0,0.3,0,0,0,0.3,0
0,0,0,0,0,0.3,0,0,0,0,0,0,0,0,0,0.3,0,0,0,0,0,0,0,0,0,0.3,0,0,0,0,0,0,0,0,0,0,0,0,0,0,0,0,0,0,0,0,0,0,0,0,0,0,0,0,0,0,0,0,0,0,0,0,0,0,0,0,0,0,0,0,0,0,0,0,0,0,0,0,0.3,0,0,0,0,0,0,0.3,0,0,0,0,0,0,0,0,0,0,0.3,0,0,0,0,0,0,0,0,0,0,0,0,0,0,0,0,0,0,0.3,0.3,0,0,0,0,0,0,0,0,0,0,0,0,0,0,0,0,0,0,0.3,0,0,0,0,0,0,0,0,0,0,0,0,0,0,0,0,0.3,0,0.3,0,0,0,0,0,0,0,0.3,0,0,0,0,0,0,0,0,0,0,0,0,0,0,0,0,0,0.3,0,0,0,0,0,0,0,0,0,0,0,0.6927701950073242,0,0,0,0,0,0,0.3,0,0,0.3,0,0,0,0.3,0.3
0,0,0,0,0,0.3,0,0,0,0,0,0,0,0,0,0.3,0,0,0,0,0,0,0,0,0,0.3,0,0,0,0,0.3,0,0,0,0,0,0,0,0.9868618071079254,0,0,0,0,0,0,0,0,0,0,0.3,0,0,0,0,0,0,0,0,0.3,0,0,0,0,0,0,0,0,0,0,0,0,0,0,0.3,0,0,0,0,0,0,0,0,0,0,0,0.3,0,0,0,0,0.9962532103061676,0,0.4227813303470611,0,0,0,0.3,0.3,0,0,0,0.3,0,0,0,0,0,0,0,0,0.3,0,0,0,0.3,0,0.3,0,0,0,0,0,0,0,0,0,0,0,0,0.3,0,0,0,0,0,0,0,0,0,0,0,0,0,0,0,0,0,0,0,0,0,0,0.653572428226471,0,0.3,0,0,0,0,0,0.3,0,0.3,0,0,0,0,0,0,0,0,0,0,0.3,0,0,0,0,0,0,0,0,0,0,0,0,0,0,0,0,0,0,0,0.3,0,0,0,0,0,0,0,0,0.3,0,0,0,0.3,0.9405147850513458
0,0,0,0,0,0,0,0.3,0,0,0,0,0,0,0.3,0.3,0,0.18793618977069854,0,0.5342465400695801,0,0,0,0,0,0.3,0,0,0,0,0,0,0,0.3,0,0,0,0,0.3,0.3,0,0,0,0,0.3,0,0,0,0,0,0,0,0,0,0,0,0,0,0,0,0,0,0,0,0,0,0,0,0,0,0,0.3,0,0,0,0,0,0,0,0,0,0,0,0,0,0.3,0,0.3,0,0,0.9975202620029449,0,0,0,0,0,0.3,0,0,0,0,0,0,0,0,0,0,0,0,0,0,0,0,0,0,0,0.3,0,0,0,0,0,0.3,0,0,0,0,0,0.3,0.3,0,0,0,0,0.12893616408109665,0,0,0,0,0,0,0,0,0,0,0,0,0,0,0.3,0,0,0.3,0,0.3,0,0,0,0.3,0,0,0,0.3,0,0,0,0,0,0.3,0,0,0,0,0,0,0,0,0,0.6895261704921722,0,0,0,0,0,0,0,0,0,0,0,0,0,0,0,0,0,0,0,0,0,0,0,0,0,0,0,0.3,0.3
0,0,0,0,0,0,0,0.3,0,0,0,0,0,0,0,0.3,0,0,0,0,0,0,0,0,0,0.3,0,0,0,0,0,0,0,0,0,0,0,0,0,0,0,0,0,0,0,0.3,0,0,0,0,0,0,0,0,0,0.3,0,0,0,0,0,0,0.3,0,0,0,0,0,0,0,0,0,0,0,0,0,0,0,0,0,0,0,0,0,0,0.3,0,0,0,0,0.9966810405254363,0,0,0,0,0,0.3,0,0,0,0,0,0,0,0,0,0,0,0,0,0,0,0,0,0,0,0,0,0,0,0,0,0.7902354776859283,0,0,0,0,0,0.3,0.3,0,0,0,0,0,0,0,0,0,0,0,0,0,0,0,0,0,0.3,0,0,0,0,0.3,0,0.3,0,0,0,0,0,0.3,0,0.7688846051692962,0,0,0,0.3,0,0,0,0,0,0.3,0,0,0,0,0,0,0,0.3,0,0,0,0,0.6772609949111938,0,0.3,0,0.3,0,0,0,0,0,0,0,0,0,0,0,0,0,0,0,0.6914925038814544,0.3,0.3
0,0,0,0,0,0,0,0.3,0,0,0,0,0,0,0,0.3,0,0,0,0,0,0,0,0,0,0.3,0,0,0,0,0,0,0,0,0,0,0,0,0,0,0,0,0,0,0,0.3,0,0,0,0,0,0,0,0,0,0.3,0,0,0,0,0.3,0,0.3,0,0,0,0,0,0,0,0,0,0,0,0,0,0.3,0,0,0,0,0,0,0,0,0.3,0,0,0,0,0.9884986102581024,0,0,0,0,0,0.3,0,0,0,0,0,0,0,0,0,0,0,0,0,0,0,0,0,0,0.3,0,0,0,0,0,0,0.7553457856178283,0,0,0,0,0,0,0.3,0,0,0,0,0,0.3,0,0,0,0,0,0,0,0,0,0,0,0,0,0,0,0,0.3,0,0.3,0,0,0,0,0,0,0,0.3,0,0,0,0,0,0,0,0,0,0.3,0,0,0,0,0,0,0,0,0,0,0,0,0.6809465765953063,0,0,0,0.3,0,0,0,0,0,0,0,0,0,0,0,0,0.3,0,0,0.6983156740665435,0.3,0.3
0,0,0,0,0,0.3,0,0,0,0,0,0,0,0,0,0.3,0,0,0,0,0,0,0,0,0,0.3,0,0,0,0,0.3,0.3,0,0,0,0,0,0,0.9977040112018585,0,0,0,0,0.3,0,0.3,0,0.3,0,0.3,0,0,0,0,0,0,0,0,0,0,0,0,0,0,0,0,0,0,0,0,0,0,0,0,0,0,0,0,0,0,0,0,0,0,0,0.3,0,0,0,0,0.9906143128871918,0,0,0,0,0,0.3,0,0,0,0,0.3,0,0,0,0,0,0,0,0,0.3,0,0,0,0,0,0.9987402081489563,0,0,0,0,0,0,0,0,0,0,0.3,0,0.3,0.07502264082431792,0,0,0,0,0,0,0,0,0,0,0,0,0,0,0,0,0,0,0,0,0,0.845419818162918,0,0,0,0,0,0,0,0.3,0,0.3,0,0.3,0,0,0,0,0,0,0,0,0.3,0,0,0,0,0,0,0.3,0,0,0,0,0,0,0.3,0,0,0,0,0,0.3,0,0,0,0,0,0,0,0,0.3,0,0,0,0.3,0.9614432096481322
0,0,0,0,0,0,0,0,0,0,0,0,0,0,0,0.3,0,0,0,0,0,0.3,0,0,0,0,0,0,0,0,0,0.3,0,0.3,0,0,0,0,0.9999815583229064,0,0,0,0,0,0,0,0,0.3,0.3,0.3,0,0,0,0,0,0,0.3,0,0,0,0,0,0.3,0,0,0,0.3,0,0,0,0,0,0,0,0,0,0,0,0,0,0,0,0,0,0,0.3,0,0.3,0,0,0.999291831254959,0,0.35398761630058284,0,0,0,0.3,0,0,0,0,0,0,0,0,0,0.3,0.3,0,0.3,0.3,0,0,0,0,0.3,0,0,0,0,0,0,0,0,0,0,0,0,0,0.3,0,0,0,0,0,0,0,0,0,0,0,0,0.3,0,0,0,0,0,0,0,0,0,0.7105797410011292,0,0.3,0,0,0,0.3,0,0,0,0.17700724303722382,0,0.3,0,0,0.3,0,0,0,0,0,0,0,0,0,0,0,0,0,0,0,0,0,0,0,0,0,0,0,0,0,0.3,0,0,0,0,0.3,0,0,0,0.3,0,0,0.6999470114707946,0.3,0.9698266208171844
0,0,0,0,0,0,0,0,0,0,0,0,0,0,0,0.3,0,0,0,0,0,0,0,0,0,0,0,0,0,0,0.3,0,0,0,0,0,0,0,0.991467970609665,0,0,0,0,0,0,0,0,0,0,0.3,0,0,0,0,0,0,0,0,0,0,0,0,0,0,0,0,0,0,0,0,0,0,0,0,0,0,0,0,0,0,0,0,0,0,0,0.3,0,0,0,0,0.999689370393753,0,0.6512385368347168,0,0,0,0.3,0,0,0,0,0.3,0,0,0,0,0,0,0,0.3,0.3,0,0,0,0,0.3,0.3,0,0,0.860215675830841,0,0,0,0,0,0,0,0,0,0.3,0,0,0,0,0,0,0,0,0,0,0,0,0,0,0,0,0,0,0,0,0,0,0.8394125878810883,0,0.3,0,0,0,0,0,0,0,0.7688891530036925,0,0,0,0,0,0,0,0.3,0,0,0,0,0,0,0,0,0,0,0,0,0,0,0,0,0,0,0,0,0,0,0,0,0,0,0,0,0,0,0,0.3,0,0,0,0.3,0.9845549702644347
0,0,0,0,0,0,0,0.3,0,0,0,0,0,0,0,0.3,0,0,0,0,0,0.3,0,0,0,0,0,0,0,0,0,0.3,0,0.3,0,0,0,0,0.9999440908432007,0,0,0,0,0,0,0,0,0.3,0.3,0.3,0,0,0,0,0,0,0,0,0,0,0,0,0.3,0,0,0,0.3,0,0,0,0,0,0,0.9003259062767028,0,0,0,0,0,0,0,0,0,0,0,0.3,0,0.3,0,0,0.9967474222183228,0,0,0,0,0,0.3,0,0,0,0,0.3,0,0,0,0,0.3,0,0,0.3,0.3,0,0,0,0,0.3,0,0,0,0,0,0,0,0,0,0,0,0,0,0.3,0,0,0,0,0,0,0,0,0,0,0,0,0,0,0,0,0,0,0,0,0,0,0.3,0,0.3,0,0,0,0.3,0,0,0,0,0,0.3,0.3,0,0,0,0,0.3,0,0,0.3,0,0,0,0,0,0,0,0,0,0,0,0,0,0.3,0,0,0,0,0,0.3,0,0,0,0,0.3,0,0,0,0.3,0,0,0.999185436964035,0.3,0.9241755843162536
0,0,0,0,0,0.3,0,0,0,0,0,0,0,0,0,0.3,0,0,0,0,0,0.3,0,0,0,0.3,0,0,0,0,0,0,0,0.3,0,0,0,0,0.9963470041751861,0,0,0,0,0,0,0,0,0,0,0.3,0,0,0,0,0,0,0,0,0,0,0.3,0,0.3,0,0,0,0,0,0,0,0,0,0,0,0,0,0,0,0.3,0,0,0,0,0,0,0.3,0,0.3,0,0,0.9896436631679535,0,0.452035254240036,0,0,0,0.3,0,0,0,0,0.3,0,0,0,0,0,0,0,0,0.3,0,0,0,0,0,0.3,0,0,0,0,0,0.3,0,0,0,0.3,0,0,0.3,0,0,0,0,0,0,0,0,0,0,0,0,0.3,0,0,0,0,0,0,0,0,0,0.7187845766544342,0,0.3,0,0,0,0.3,0,0,0,0.5361530810594558,0,0,0,0,0,0,0,0,0,0,0.3,0,0,0,0,0,0,0,0,0,0,0,0,0,0,0,0,0,0,0,0.3,0,0,0,0,0,0,0,0,0.3,0,0,0,0.3,0.3
0,0,0,0,0,0,0,0,0,0,0,0,0,0,0,0.3,0,0,0,0,0,0,0,0,0,0,0,0,0,0,0,0,0,0,0,0,0,0,0.9993595480918884,0.3,0,0,0,0,0,0,0,0,0,0.3,0,0,0,0,0,0,0,0,0,0,0,0,0.3,0,0,0,0.3,0,0,0,0,0,0,0.956765741109848,0,0,0,0,0,0,0,0,0,0,0,0.3,0,0,0,0,0.9997460722923279,0,0.4193135023117065,0,0,0,0.3,0,0.6991097509860992,0,0,0,0,0,0,0,0,0,0,0.3,0.3,0,0,0,0,0.3,0,0,0,0,0,0,0,0,0,0,0,0,0,0.3,0,0,0,0,0,0,0,0,0,0,0,0,0,0,0,0,0,0,0,0,0,0,0.7008452057838439,0,0.3,0,0,0,0.3,0,0,0,0.3,0,0,0,0,0.3,0,0,0.3,0,0,0,0,0,0,0,0,0,0,0,0,0,0,0,0,0,0,0,0,0,0,0.3,0,0,0,0,0.3,0,0,0,0.3,0,0,0.6901483476161956,0.3,0.975575542449951
0.3,0,0,0,0,0,0,0,0,0,0.3,0,0,0,0,0.3,0,0,0,0,0,0,0,0,0,0.8533716440200805,0,0,0,0,0,0,0.3,0,0,0,0,0,0,0,0,0,0,0,0,0.3,0,0,0,0,0,0,0.3,0,0,0.3,0,0,0,0,0,0.3,0,0,0,0,0,0,0,0,0,0,0,0.9673332810401916,0,0,0,0,0,0,0,0,0,0,0,0.3,0,0,0,0,0,0,0,0,0,0,0,0,0,0,0,0,0,0,0,0,0,0,0,0,0,0,0,0,0,0,0,0.9975364506244659,0,0,0,0,0,0,0,0,0,0,0,0,0,0,0,0,0,0,0,0,0,0,0,0,0,0.3,0,0,0,0,0,0,0,0,0,0,0.3,0,0,0,0,0,0,0,0,0,0,0,0,0,0,0,0,0,0,0,0,0,0,0,0,0,0.3,0,0,0,0,0,0,0,0,0.3,0,0,0.9998011887073517,0,0,0,0,0,0,0.3,0,0,0.3,0,0,0,0.8910020947456359,0
0,0,0,0,0,0,0,0,0,0,0.986310601234436,0.4335333570837974,0,0,0,0.3,0,0,0,0,0,0,0,0,0,0.3,0,0,0,0.3,0,0,0,0,0,0,0,0,0,0,0,0,0,0,0,0.3,0,0,0,0,0,0,0.3,0,0,0.3,0,0,0,0,0,0.3,0,0,0,0,0,0,0,0,0,0,0,0,0,0,0,0,0,0,0,0,0,0,0,0.3,0,0,0,0,0,0,0,0.3,0,0,0,0,0,0,0,0,0,0,0.3,0,0,0,0,0,0,0,0,0,0,0,0.8743594408035278,0.9981591701507568,0,0,0,0,0,0,0,0,0,0,0,0,0,0,0.3,0,0,0,0,0,0,0,0,0,0,0,0,0,0,0,0,0,0,0,0,0,0,0,0,0,0,0,0,0,0,0,0,0,0,0,0,0,0,0,0,0,0,0,0,0,0,0,0.3,0,0,0,0,0,0,0,0,0.3,0,0,0.9999478459358215,0,0,0,0,0,0,0.3,0,0,0.3,0,0,0,0.3,0
0,0,0,0,0,0,0,0.3,0,0,0,0,0,0,0,0.3,0.3,0,0,0.5115571439266204,0,0,0,0,0,0.3,0,0,0,0,0,0,0,0,0,0,0,0,0,0,0,0,0,0,0,0.3,0,0,0,0,0,0,0,0,0,0.3,0,0,0,0,0,0,0.3,0,0,0,0,0,0,0,0,0,0,0,0,0.3,0,0,0,0,0,0,0,0,0,0.3,0,0,0,0,0.9946718156337737,0,0,0,0,0,0.3,0.3,0,0,0,0,0,0,0,0,0,0,0,0,0,0,0,0,0,0.3,0,0,0,0,0,0,0.7485788583755493,0,0,0,0,0,0.3,0.3,0,0,0,0,0,0.3,0,0,0.3,0,0,0,0,0,0,0,0,0,0,0,0,0,0.3,0,0.3,0,0,0,0,0,0.3,0.3,0.3,0,0,0,0,0.3,0,0,0,0,0.3,0.3,0,0,0.3,0,0,0,0.3,0,0,0,0,0,0,0.3,0.9996698856353758,0,0,0.3,0,0,0,0.3,0,0,0,0,0,0,0.3,0,0,0.6875288367271423,0.3,0.3
0,0,0,0,0,0,0,0,0,0,0,0,0,0,0,0.3,0,0,0,0,0,0,0,0,0,0.3,0,0,0,0,0,0,0,0,0,0,0.3,0,0.3,0,0,0,0,0,0,0,0,0,0,0,0,0,0,0,0,0.3,0,0,0,0,0.3,0,0.3,0,0,0,0,0,0,0,0,0,0,0,0,0,0,0,0,0,0,0,0,0,0,0.3,0,0,0,0,0.9981000065803527,0,0.4112426400184631,0,0,0,0.3,0,0,0,0,0,0,0,0,0,0,0.3,0,0,0,0,0,0,0.3,0,0.3,0,0,0,0,0,0,0,0,0,0,0,0,0.3,0,0,0,0,0,0,0,0,0,0,0,0,0,0,0,0,0,0,0,0,0,0,0.794770336151123,0,0,0,0,0,0,0,0,0,0.962464052438736,0,0,0,0.3,0.3,0,0,0,0,0,0,0,0,0,0,0,0,0,0,0,0,0,0,0,0.3,0,0,0,0,0,0,0,0,0,0,0,0,0,0,0.3,0,0,0,0.7144289612770081,0.9282435595989227
0,0,0,0,0,0.3,0,0,0,0,0,0,0,0,0,0.3,0,0,0,0,0,0,0,0,0,0.3,0,0,0,0,0.3,0.3,0,0,0,0,0,0,0.3,0,0,0,0,0,0,0,0,0,0.3,0.3,0,0,0,0,0,0,0,0,0,0,0,0,0.3,0,0,0,0,0,0,0,0,0,0,0,0,0,0,0,0,0,0,0,0,0,0,0.3,0,0,0,0,0.9982739925384521,0,0.3977419555187225,0,0,0,0.3,0,0,0,0,0.3,0,0,0,0,0,0,0,0,0.3,0,0,0,0.3,0,0.3,0,0,0,0,0,0,0,0,0,0,0,0,0.3,0,0,0,0,0,0,0,0,0,0,0,0,0,0,0,0,0,0,0,0,0,0,0.7814194798469543,0,0,0,0,0,0,0,0.3,0,0.917609053850174,0,0,0,0,0,0,0,0,0,0,0.3,0,0,0,0,0,0,0.3,0,0,0,0,0,0,0.3,0,0,0,0,0,0.3,0,0,0,0,0,0,0,0,0,0,0,0,0.3,0.9491919696331024
0,0,0,0,0,0.3,0,0,0.3,0,0,0,0,0,0,0.3,0.3,0,0,0,0,0,0,0,0,0.3,0,0,0,0,0,0,0,0,0,0,0,0,0.3,0,0,0,0,0,0,0,0,0,0,0,0,0,0,0,0.3,0.3,0,0,0,0,0.3,0,0,0,0,0,0,0,0,0,0,0,0,0,0,0,0,0,0.3,0,0,0,0,0,0,0.3,0,0,0,0,0.9634374976158142,0,0.4267224669456482,0,0,0,0.3,0,0,0,0,0,0,0,0,0,0,0,0,0,0,0,0,0,0,0,0,0,0,0,0,0,0.3,0,0,0,0,0,0,0.3,0,0,0,0,0,0,0,0,0,0,0,0,0,0,0,0,0,0,0,0,0,0,0.3,0,0.3,0,0,0,0,0,0,0,0.7853131771087646,0,0,0,0,0,0,0,0,0,0,0,0,0,0,0,0,0,0,0,0,0,0,0,0,0,0,0,0,0,0,0.3,0,0,0,0,0,0,0,0,0.3,0,0,0,0.8362163364887236,0.3
0,0,0.3,0,0,0.3,0,0,0,0,0,0,0,0,0,0.3,0,0,0,0,0,0,0,0,0,0.3,0,0,0,0,0,0,0,0,0,0,0,0,0.3,0,0,0,0,0,0,0,0.3,0,0,0,0,0,0,0,0.3,0.3,0,0,0.3,0,0.3,0,0,0,0,0,0,0,0,0,0,0,0,0,0.7732835292816161,0,0,0,0.3,0,0,0,0,0,0.15496101081371305,0.3,0,0,0,0,0,0,0,0,0,0,0.9313492715358733,0,0,0,0,0,0,0,0,0,0,0,0,0,0,0,0,0,0,0,0.9966063141822814,0,0,0,0,0,0,0,0,0,0,0,0,0.3,0,0,0,0,0,0,0.38341558575630186,0,0,0,0,0,0,0,0,0,0,0,0,0,0,0,0.3,0,0,0,0.3,0,0,0,0,0,0.8588826179504394,0,0,0,0,0,0,0,0,0,0,0.3,0,0,0,0,0,0,0,0,0,0,0,0,0,0,0,0,0,0,0.6791723370552063,0.3,0,0,0,0,0,0,0,0,0.3,0,0,0,0.8229690372943879,0.3
0,0,0,0,0,0.3,0,0,0,0,0,0,0,0,0,0.3,0,0,0,0,0,0,0,0,0,0.3,0,0,0,0,0,0,0,0,0,0,0,0,0.3,0.3,0,0,0,0,0,0,0,0,0,0.3,0,0,0,0,0,0,0,0,0,0,0,0,0,0,0,0,0.3,0,0,0,0,0,0,0,0,0,0,0,0.3,0,0,0,0,0,0,0.3,0,0,0,0,0.9855073869228363,0,0.480061012506485,0,0,0,0.3,0.3,0,0,0,0.3,0,0,0,0,0,0,0,0,0,0,0,0,0,0,0.3,0,0,0,0,0,0,0,0,0,0,0,0,0.3,0,0,0,0,0,0,0,0,0,0,0,0,0,0,0,0,0,0,0,0,0,0,0.6626243710517883,0,0.3,0,0,0,0,0,0,0,0.5671472817659378,0,0,0,0,0,0,0,0,0,0,0.3,0,0,0,0,0,0,0,0,0,0,0,0,0,0.3,0,0,0,0,0,0.3,0,0,0,0,0,0,0,0,0.3,0,0,0,0.3,0.8455683946609496
0,0,0,0,0,0,0,0,0,0,0,0,0,0,0,0.3,0,0,0,0,0,0,0,0,0,0.3,0,0,0,0,0,0,0,0,0,0,0,0,0.3,0,0,0,0,0,0,0,0,0,0,0,0,0,0,0,0.3,0.3,0,0,0,0,0.3,0,0,0,0,0,0,0,0,0,0,0,0,0,0,0,0,0,0.3,0,0,0,0,0,0,0.3,0,0,0,0,0.9924043238162994,0,0.4161689460277557,0,0,0,0.3,0,0,0,0,0,0,0,0,0,0,0.3,0,0,0,0,0,0,0,0.3,0,0,0,0,0,0,0.3,0,0,0,0,0,0,0.3,0,0,0,0,0,0,0,0,0,0,0,0,0,0,0,0,0,0,0,0,0,0,0.3,0,0.3,0,0,0,0,0,0,0,0.7969919323921203,0,0,0,0,0,0,0,0,0,0,0,0,0,0,0,0,0,0.3,0,0,0,0,0,0,0.3,0,0,0,0,0,0,0,0,0,0,0,0,0,0,0.3,0,0.3,0,0.3,0.3
0,0,0,0,0,0,0,0,0,0,0,0,0,0,0,0.3,0,0,0,0,0,0,0,0,0,0.3,0,0,0,0,0,0,0,0,0,0,0,0,0.3,0,0,0,0,0,0,0,0,0,0,0,0,0,0,0,0.3,0.3,0,0,0,0,0,0,0.3,0,0,0,0.3,0,0,0,0,0,0,0.9628709375858306,0,0,0,0,0.3,0,0,0,0,0,0,0.3,0,0,0,0,0.9968542337417603,0,0.3459488809108734,0,0,0,0.3,0,0,0,0,0,0,0,0,0,0,0,0,0,0,0,0,0,0,0.3,0.3,0,0,0,0,0,0,0,0,0,0,0,0,0,0,0,0,0,0,0,0,0,0,0,0,0,0,0,0,0,0,0,0,0,0,0,0.3,0,0.3,0,0,0,0,0,0,0,0.8725082635879515,0,0,0,0,0,0,0,0,0,0,0,0,0,0,0,0,0,0,0,0,0,0,0.6666532337665557,0,0.3,0,0,0,0,0,0,0,0,0,0,0.3,0,0,0,0.3,0,0,0,0.7082917213439941,0.3
0,0,0,0,0,0,0,0,0,0,0,0,0,0,0,0.3,0,0,0,0,0,0,0,0,0,0.3,0,0,0,0,0.3,0,0,0,0,0,0,0,0.3,0,0,0,0,0,0,0,0,0,0,0.3,0,0,0,0,0,0,0,0,0,0,0.3,0,0,0,0,0,0,0,0,0,0,0,0,0,0,0,0,0,0,0,0,0,0,0,0,0.3,0,0,0,0,0.9614607334136962,0,0,0,0,0,0.3,0,0,0,0,0,0,0,0,0,0,0,0,0,0.3,0,0,0,0.3,0,0.3,0,0,0,0,0,0,0,0,0,0,0.3,0,0.3,0,0,0,0,0,0,0,0.3,0,0,0,0,0,0,0,0,0,0,0,0,0,0,0.3,0,0,0,0,0,0,0,0,0,0.3,0,0,0,0,0,0,0,0,0,0,0.3,0,0,0,0,0,0,0.3,0,0,0,0,0,0,0,0,0,0,0,0,0.3,0,0,0,0,0,0,0,0,0.3,0,0,0,0.3,0.8489718854427337
0,0,0,0,0,0,0,0,0,0,0,0,0,0,0,0.3,0,0,0,0,0,0,0,0,0,0.3,0,0,0,0,0.6547992587089538,0,0,0,0,0,0,0,0.9925128459930419,0,0,0,0,0.3,0,0,0,0,0,0.3,0,0,0,0,0,0,0,0,0,0,0.3,0,0,0,0,0,0,0,0,0,0,0,0,0,0,0,0,0,0,0,0,0,0,0,0,0.3,0,0,0,0,0.9953514873981475,0,0,0,0,0,0.3,0.3,0,0,0,0.3,0,0,0,0,0,0,0,0.3,0.3,0,0,0,0.3,0.3,0.3,0,0.05919922292232513,0,0,0,0,0,0,0,0,0.3,0,0,0,0,0,0,0,0,0,0,0,0,0,0,0,0,0,0,0,0,0,0,0,0,0.7644793808460235,0,0,0,0,0,0,0,0.3,0,0.3,0,0,0,0,0,0,0,0.3,0,0,0.3,0,0,0,0,0,0,0,0,0,0,0,0,0,0.3,0,0,0,0,0,0.3,0,0,0,0,0,0,0,0,0.3,0,0,0,0.3,0.9569003403186798
0,0,0,0,0,0.3,0,0,0,0,0,0,0,0,0,0.3,0,0,0,0,0,0,0,0,0,0.3,0,0,0,0,0,0,0,0,0,0,0,0,0.3,0,0,0,0,0.3,0,0.3,0,0,0,0.3,0,0,0,0,0,0.3,0,0,0,0,0.3,0,0,0,0,0,0,0,0,0,0,0,0,0,0,0,0,0,0,0,0,0,0,0,0,0.3,0,0,0,0,0.9653670310974121,0,0,0,0,0,0.3,0,0,0,0,0,0,0,0,0,0,0,0,0,0,0,0,0,0,0.3,0.3,0,0,0,0,0,0,0,0,0,0,0.3,0,0,0,0,0,0,0,0,0,0,0,0,0,0,0,0,0,0,0,0,0,0,0,0,0.3,0,0,0,0,0,0,0,0.3,0,0.3,0,0,0,0,0,0,0,0,0,0,0.44582043737173077,0,0,0,0,0,0,0.3,0,0,0,0,0,0,0,0,0,0,0,0,0,0,0,0,0,0,0,0,0,0.3,0.3,0,0,0.3,0.3
0,0,0,0,0,0,0,0,0,0,0,0,0,0,0,0.3,0.3,0,0,0,0,0,0,0,0,0.3,0,0,0,0,0,0,0,0,0,0,0,0,0,0,0,0,0,0,0,0,0.3,0,0,0,0,0,0,0,0.3,0.3,0,0,0.3,0,0,0,0,0,0,0,0,0,0,0,0,0,0,0.9899860441684722,0,0,0,0,0.3,0,0,0,0,0,0,0.3,0,0,0,0,0.9233365714550017,0,0,0,0,0,0.3,0,0,0,0,0,0,0,0,0,0,0,0,0,0,0,0,0,0,0,0.3,0,0,0,0,0,0,0,0,0,0,0,0,0,0,0,0,0,0,0,0,0,0,0,0,0,0,0,0,0,0,0,0,0,0,0,0.3,0,0.3,0,0,0,0,0,0,0,0.3,0,0,0,0,0.3,0,0,0,0,0,0,0,0,0,0,0,0,0.3,0,0,0,0,0,0,0,0,0,0,0,0,0.3,0,0,0,0,0,0,0,0,0.3,0,0,0,0.9085685431957244,0.3
0,0,0.3,0,0,0.3,0,0,0,0,0,0,0,0,0,0.3,0.3,0,0,0,0,0,0,0,0,0.7038786113262177,0,0,0,0,0,0,0,0.3,0,0,0,0,0.3,0,0,0,0,0.3,0,0,0.3,0,0,0,0,0,0,0,0.3,0.3,0,0,0.3,0,0.3,0,0.3,0,0,0,0,0,0,0,0,0,0,0.9519002676010131,0.3,0,0,0,0.3,0,0,0,0,0,0,0.3,0,0.3,0,0,0.9793201208114624,0,0,0,0,0,0.3,0.3,0,0,0,0.3,0,0,0,0,0,0,0,0,0,0,0,0,0,0,0.3,0,0,0,0,0,0,0,0,0,0,0,0,0.3,0,0,0,0,0,0,0,0,0,0,0,0,0,0,0,0,0,0,0,0,0,0,0.3,0,0,0,0,0,0.3,0,0.3,0,0.9160365045070649,0,0,0,0,0,0,0,0,0,0.3,0,0,0,0,0,0,0,0,0,0,0,0,0,0,0.3,0,0,0,0,0,0,0,0,0,0,0,0,0,0,0,0,0,0,0.8901672542095185,0.3
0,0,0.3,0,0,0,0,0,0,0,0,0,0,0,0,0.8693674623966217,0.3,0,0,0,0,0,0.3,0,0,0.7945161163806915,0.3,0,0,0,0,0,0,0,0,0,0,0,0,0,0,0,0,0,0,0,0,0,0.3,0,0,0,0,0,0,0.3,0,0,0.3,0,0,0,0,0,0,0,0,0,0,0,0,0,0,0.9970543384552002,0,0,0,0,0.3,0,0,0,0,0,0,0.3,0,0,0,0,0.9451610028743744,0,0,0,0,0,0.3,0,0.697140246629715,0,0,0,0,0,0,0,0,0,0.3,0,0,0,0,0,0,0.3,0.3,0,0,0,0,0,0,0,0,0,0,0,0,0,0,0,0,0,0,0,0,0,0,0,0,0,0,0,0,0.3,0,0,0,0,0,0,0.3,0,0.3,0,0,0,0.3,0,0,0,0,0,0,0,0,0,0,0,0,0,0,0.3,0,0,0,0,0,0,0.3,0,0,0,0,0,0.3,0,0,0,0,0,0,0.3,0,0,0,0,0,0,0,0,0.3,0,0,0,0.8279353559017182,0.3
0,0,0,0,0,0,0,0,0,0,0,0,0,0,0,0.3,0.3,0,0,0,0,0,0,0,0,0.8371429681777953,0,0,0,0,0,0,0,0,0,0,0,0,0,0,0,0,0,0,0,0,0,0,0,0,0,0,0,0,0,0,0,0,0.3,0,0,0,0,0,0,0,0,0,0,0,0,0,0,0.9449158787727356,0,0,0,0,0.3,0,0,0,0,0,0,0.3,0,0,0,0,0,0,0,0,0,0,0,0,0,0,0,0,0,0,0,0,0,0,0,0,0,0,0,0,0,0.3,0,0,0,0,0,0,0,0,0,0,0,0,0,0,0,0,0,0,0,0,0,0,0,0,0,0,0,0,0,0,0,0,0,0,0,0,0,0,0.3,0,0,0,0,0,0,0,0,0,0,0,0,0,0,0,0,0,0,0,0.3,0,0,0,0,0,0,0,0,0,0,0,0,0,0,0,0,0,0.6498516976833343,0,0,0,0,0,0,0.3,0,0,0.3,0,0,0,0.8073161005973815,0
0,0,0,0,0,0,0,0.3,0,0,0,0,0,0,0,0.3,0,0,0,0,0,0,0,0,0,0.3,0,0,0,0,0,0,0,0,0,0,0,0,0.504375359416008,0,0,0,0,0,0,0,0,0,0,0.3,0,0,0,0,0,0.3,0,0,0,0,0,0,0.3,0,0,0,0,0,0,0,0,0,0,0,0,0,0,0,0,0,0,0,0,0,0,0.3,0,0,0,0,0.9974725723266602,0,0.2916446924209595,0,0,0,0.3,0,0,0,0,0,0,0,0,0,0,0,0,0.3,0,0,0,0,0.3,0,0.3,0,0,0,0,0,0,0,0,0,0,0,0,0.3,0,0,0,0,0,0,0,0,0,0,0,0,0,0,0,0,0,0,0,0,0,0,0.837418758869171,0,0,0,0,0,0,0,0,0,0.9002061605453491,0,0,0,0,0,0,0,0,0,0,0,0,0,0,0,0,0,0,0,0,0,0,0,0,0.3,0,0,0,0,0,0.3,0,0,0,0,0,0,0,0,0.3,0,0,0,0.3,0.9463990151882171
0,0,0,0,0,0.3,0,0,0,0,0,0,0,0,0,0.3,0,0,0,0,0,0,0,0,0,0,0,0,0,0,0,0.3,0,0,0,0,0,0,0,0,0,0,0,0,0,0.3,0,0,0,0,0,0,0,0,0,0,0,0,0,0,0.3,0,0.3,0,0,0,0,0,0,0,0,0,0,0,0,0,0.3,0,0,0,0,0,0,0,0,0.3,0,0,0,0,0.998153954744339,0,0,0,0,0,0.3,0,0,0,0,0,0,0,0,0,0,0,0,0,0,0,0,0,0.3,0,0.3,0,0,0,0,0,0,0,0,0,0,0,0,0,0.08816961646080017,0,0,0.3,0,0,0,0.3,0,0,0,0,0,0,0,0,0,0,0,0,0,0,0.3,0,0,0,0,0,0,0,0.3,0,0.9122917175292968,0,0,0,0.3,0,0,0,0,0,0.3,0.3,0,0,0,0,0,0,0.3,0,0,0,0,0,0,0.3,0,0,0,0,0,0,0,0,0,0,0,0,0,0,0,0,0,0,0.3,0.8622337043285369
0,0,0,0,0,0,0,0,0,0,0,0,0,0,0,0.3,0,0,0,0,0,0,0,0,0,0.3,0,0,0,0,0,0,0,0,0,0,0,0,0.5132644146680831,0,0,0,0,0,0,0,0,0,0,0,0,0,0,0,0.3,0,0,0,0,0,0,0,0,0,0,0,0,0,0,0,0,0,0,0,0,0,0,0,0.3,0,0,0,0,0,0,0.3,0,0,0,0,0.9913979589939117,0,0.2877751529216766,0,0,0,0.918232899904251,0,0,0,0,0,0,0,0,0,0,0,0,0,0,0,0,0,0,0.3,0.9979109168052673,0,0,0,0,0,0,0,0,0,0,0,0,0.3,0,0,0,0,0,0,0,0,0,0,0,0,0,0,0,0,0,0,0,0,0,0,0.8105069696903229,0,0.3,0,0,0,0,0,0,0,0.8279017686843873,0,0,0,0,0.3,0,0,0,0,0,0.3,0,0,0,0,0,0,0,0,0,0,0,0,0,0,0,0,0,0,0,0,0,0,0,0,0,0,0,0,0.3,0,0,0,0.3,0.9302410185337067
